"NetX Information Systems, Inc",Veritas NetBackup Engineer,https://www.linkedin.com/jobs/view/3072423759/,New York City Metropolitan Area
ZT Systems,Platform Procurement Program Manager,https://www.linkedin.com/jobs/view/2869159802/,"Secaucus, NJ"
CharterUP,"Junior Software Engineer, Full-Stack",https://www.linkedin.com/jobs/view/2765394564/,"New York, United States"
ZT Systems,Software Developer,https://www.linkedin.com/jobs/view/2884810225/,"Secaucus, NJ"
ClinicalMind,DevOps Engineer,https://www.linkedin.com/jobs/view/2940203623/,"New York, NY"
ZT Systems,Platform Procurement Program Manager,https://www.linkedin.com/jobs/view/2869159802/,"Secaucus, NJ"
CharterUP,Mobile Developer - ReactNative,https://www.linkedin.com/jobs/view/3034927600/,"New York, NY"
CharterUP,Quality Assurance Engineer,https://www.linkedin.com/jobs/view/3049441610/,"New York, NY"
PulsePoint,Data Engineer,https://www.linkedin.com/jobs/view/2660759187/,"New York, NY"
Slync.io,Software Developer Engineer in Test (Remote),https://www.linkedin.com/jobs/view/3060564246/,United States
A.Team,Team Formation Specialist,https://www.linkedin.com/jobs/view/2976773268/,United States
